{
  "name": "Brazil",
  "slug": "brazil",
  "image": "brazil.jpg",
  "id": 1,
  "description": "all about Brazil, suspendisse lobortis pharetra tempor. Cras eleifend ante sed arcu interdum, in bibendum enim ultricies. Integer rutrum quis risus at tempor. Maecenas facilisis, nisi vel pellentesque maximus, lectus felis malesuada purus, a pulvinar elit est quis turpis. Duis convallis purus quis finibus consequat. Pellentesque faucibus tincidunt augue non consequat. Donec fringilla at est sit amet blandit. Nunc at porttitor ligula. Fusce sed odio turpis. Suspendisse lobortis pharetra tempor. Cras eleifend ante sed arcu interdum, in bibendum enim ultricies. Integer rutrum quis risus at tempor. Maecenas facilisis, nisi vel pellentesque maximus, lectus felis malesuada purus, a pulvinar elit est quis turpis.",
  "experiences": [
    {
      "name": "Iguaçu Falls",
      "slug": "iguacu-falls",
      "image": "iguacu-falls.jpg",
      "description": "Suspendisse lobortis pharetra tempor. Cras eleifend ante sed arcu interdum, in bibendum enim ultricies. Integer rutrum quis risus at tempor. Maecenas facilisis, nisi vel pellentesque maximus, lectus felis malesuada purus, a pulvinar elit est quis turpis. Duis convallis purus quis finibus consequat. Pellentesque faucibus tincidunt augue non consequat. Donec fringilla at est sit amet blandit. Nunc at porttitor ligula. Fusce sed odio turpis. Suspendisse lobortis pharetra tempor. Cras eleifend ante sed arcu interdum, in bibendum enim ultricies. Integer rutrum quis risus at tempor. Maecenas facilisis, nisi vel pellentesque maximus, lectus felis malesuada purus, a pulvinar elit est quis turpis. Duis convallis purus quis finibus consequat. Pellentesque faucibus tincidunt augue non consequat. Donec fringilla at est sit amet blandit. Nunc at porttitor ligula. Fusce sed odio turpis."
    },
    {
      "name": "Pão de Açúcar",
      "slug": "pao-de-acucar",
      "image": "pao-de-acucar.jpg",
      "description": "Suspendisse lobortis pharetra tempor. Cras eleifend ante sed arcu interdum, in bibendum enim ultricies. Integer rutrum quis risus at tempor. Maecenas facilisis, nisi vel pellentesque maximus, lectus felis malesuada purus, a pulvinar elit est quis turpis. Duis convallis purus quis finibus consequat. Pellentesque faucibus tincidunt augue non consequat. Donec fringilla at est sit amet blandit. Nunc at porttitor ligula. Fusce sed odio turpis. Suspendisse lobortis pharetra tempor. Cras eleifend ante sed arcu interdum, in bibendum enim ultricies. Integer rutrum quis risus at tempor. Maecenas facilisis, nisi vel pellentesque maximus, lectus felis malesuada purus, a pulvinar elit est quis turpis. Duis convallis purus quis finibus consequat. Pellentesque faucibus tincidunt augue non consequat. Donec fringilla at est sit amet blandit. Nunc at porttitor ligula. Fusce sed odio turpis."
    },
    {
      "name": "Sao Paulo",
      "slug": "sao-paulo",
      "image": "sao-paulo.jpg",
      "description": "Suspendisse lobortis pharetra tempor. Cras eleifend ante sed arcu interdum, in bibendum enim ultricies. Integer rutrum quis risus at tempor. Maecenas facilisis, nisi vel pellentesque maximus, lectus felis malesuada purus, a pulvinar elit est quis turpis. Duis convallis purus quis finibus consequat. Pellentesque faucibus tincidunt augue non consequat. Donec fringilla at est sit amet blandit. Nunc at porttitor ligula. Fusce sed odio turpis. Suspendisse lobortis pharetra tempor. Cras eleifend ante sed arcu interdum, in bibendum enim ultricies. Integer rutrum quis risus at tempor. Maecenas facilisis, nisi vel pellentesque maximus, lectus felis malesuada purus, a pulvinar elit est quis turpis. Duis convallis purus quis finibus consequat. Pellentesque faucibus tincidunt augue non consequat. Donec fringilla at est sit amet blandit. Nunc at porttitor ligula. Fusce sed odio turpis."
    },
    {
      "name": "Salvador",
      "slug": "salvador",
      "image": "salvador.jpg",
      "description": "Suspendisse lobortis pharetra tempor. Cras eleifend ante sed arcu interdum, in bibendum enim ultricies. Integer rutrum quis risus at tempor. Maecenas facilisis, nisi vel pellentesque maximus, lectus felis malesuada purus, a pulvinar elit est quis turpis. Duis convallis purus quis finibus consequat. Pellentesque faucibus tincidunt augue non consequat. Donec fringilla at est sit amet blandit. Nunc at porttitor ligula. Fusce sed odio turpis. Suspendisse lobortis pharetra tempor. Cras eleifend ante sed arcu interdum, in bibendum enim ultricies. Integer rutrum quis risus at tempor. Maecenas facilisis, nisi vel pellentesque maximus, lectus felis malesuada purus, a pulvinar elit est quis turpis. Duis convallis purus quis finibus consequat. Pellentesque faucibus tincidunt augue non consequat. Donec fringilla at est sit amet blandit. Nunc at porttitor ligula. Fusce sed odio turpis."
    }
  ]
}
