{
  "name": "Hawaii",
  "slug": "hawaii",
  "image": "hawaii.jpg",
  "id": 3,
  "description": "all about hawaii. Etiam iaculis, ex in semper fringilla, lorem augue maximus lorem, in aliquet ex massa non enim. Maecenas pharetra orci eu semper pharetra. Suspendisse vel elit semper, fringilla metus ac, pulvinar justo. Vestibulum nibh lacus, pellentesque non arcu vel, efficitur eleifend lorem. Duis ultrices bibendum orci, nec laoreet elit. In vulputate massa vel massa cursus gravida. Aliquam sed lacus pulvinar, imperdiet risus at, lacinia dolor. Maecenas pellentesque arcu mattis iaculis efficitur. Maecenas quis sem pulvinar, sodales neque eget, efficitur odio.",
  "experiences": [
    {
      "name": "Na Pali Coast",
      "slug": "na-pali-coast",
      "image": "na-pali-coast.jpg",
      "description": "Suspendisse lobortis pharetra tempor. Cras eleifend ante sed arcu interdum, in bibendum enim ultricies. Integer rutrum quis risus at tempor. Maecenas facilisis, nisi vel pellentesque maximus, lectus felis malesuada purus, a pulvinar elit est quis turpis. Duis convallis purus quis finibus consequat. Pellentesque faucibus tincidunt augue non consequat. Donec fringilla at est sit amet blandit. Nunc at porttitor ligula. Fusce sed odio turpis. Suspendisse lobortis pharetra tempor. Cras eleifend ante sed arcu interdum, in bibendum enim ultricies. Integer rutrum quis risus at tempor. Maecenas facilisis, nisi vel pellentesque maximus, lectus felis malesuada purus, a pulvinar elit est quis turpis. Duis convallis purus quis finibus consequat. Pellentesque faucibus tincidunt augue non consequat. Donec fringilla at est sit amet blandit. Nunc at porttitor ligula. Fusce sed odio turpis."
    },
    {
      "name": "O'Ahu's North Shore",
      "slug": "ohaus-north-shore",
      "image": "ohaus-north-shore.jpg",
      "description": "Suspendisse lobortis pharetra tempor. Cras eleifend ante sed arcu interdum, in bibendum enim ultricies. Integer rutrum quis risus at tempor. Maecenas facilisis, nisi vel pellentesque maximus, lectus felis malesuada purus, a pulvinar elit est quis turpis. Duis convallis purus quis finibus consequat. Pellentesque faucibus tincidunt augue non consequat. Donec fringilla at est sit amet blandit. Nunc at porttitor ligula. Fusce sed odio turpis. Suspendisse lobortis pharetra tempor. Cras eleifend ante sed arcu interdum, in bibendum enim ultricies. Integer rutrum quis risus at tempor. Maecenas facilisis, nisi vel pellentesque maximus, lectus felis malesuada purus, a pulvinar elit est quis turpis. Duis convallis purus quis finibus consequat. Pellentesque faucibus tincidunt augue non consequat. Donec fringilla at est sit amet blandit. Nunc at porttitor ligula. Fusce sed odio turpis."
    },
    {
      "name": "Waikiki Beach",
      "slug": "waikiki-beach",
      "image": "waikiki-beach.jpg",
      "description": "Suspendisse lobortis pharetra tempor. Cras eleifend ante sed arcu interdum, in bibendum enim ultricies. Integer rutrum quis risus at tempor. Maecenas facilisis, nisi vel pellentesque maximus, lectus felis malesuada purus, a pulvinar elit est quis turpis. Duis convallis purus quis finibus consequat. Pellentesque faucibus tincidunt augue non consequat. Donec fringilla at est sit amet blandit. Nunc at porttitor ligula. Fusce sed odio turpis. Suspendisse lobortis pharetra tempor. Cras eleifend ante sed arcu interdum, in bibendum enim ultricies. Integer rutrum quis risus at tempor. Maecenas facilisis, nisi vel pellentesque maximus, lectus felis malesuada purus, a pulvinar elit est quis turpis. Duis convallis purus quis finibus consequat. Pellentesque faucibus tincidunt augue non consequat. Donec fringilla at est sit amet blandit. Nunc at porttitor ligula. Fusce sed odio turpis."
    },
    {
      "name": "Kilauea Volcano",
      "slug": "kilauea-volcano",
      "image": "kilauea-volcano.jpg",
      "description": "Suspendisse lobortis pharetra tempor. Cras eleifend ante sed arcu interdum, in bibendum enim ultricies. Integer rutrum quis risus at tempor. Maecenas facilisis, nisi vel pellentesque maximus, lectus felis malesuada purus, a pulvinar elit est quis turpis. Duis convallis purus quis finibus consequat. Pellentesque faucibus tincidunt augue non consequat. Donec fringilla at est sit amet blandit. Nunc at porttitor ligula. Fusce sed odio turpis. Suspendisse lobortis pharetra tempor. Cras eleifend ante sed arcu interdum, in bibendum enim ultricies. Integer rutrum quis risus at tempor. Maecenas facilisis, nisi vel pellentesque maximus, lectus felis malesuada purus, a pulvinar elit est quis turpis. Duis convallis purus quis finibus consequat. Pellentesque faucibus tincidunt augue non consequat. Donec fringilla at est sit amet blandit. Nunc at porttitor ligula. Fusce sed odio turpis."
    }
  ]
}
