{
  "name": "Jamaica",
  "slug": "jamaica",
  "image": "jamaica.jpg",
  "id": 4,
  "description": "all about jamaica. Suspendisse lobortis pharetra tempor. Cras eleifend ante sed arcu interdum, in bibendum enim ultricies. Integer rutrum quis risus at tempor. Maecenas facilisis, nisi vel pellentesque maximus, lectus felis malesuada purus, a pulvinar elit est quis turpis. Duis convallis purus quis finibus consequat. Pellentesque faucibus tincidunt augue non consequat. Donec fringilla at est sit amet blandit. Nunc at porttitor ligula. Fusce sed odio turpis.",
  "experiences": [
    {
      "name": "Tower Isle",
      "slug": "tower-isle",
      "image": "tower-isle.jpg",
      "description": "Suspendisse lobortis pharetra tempor. Cras eleifend ante sed arcu interdum, in bibendum enim ultricies. Integer rutrum quis risus at tempor. Maecenas facilisis, nisi vel pellentesque maximus, lectus felis malesuada purus, a pulvinar elit est quis turpis. Duis convallis purus quis finibus consequat. Pellentesque faucibus tincidunt augue non consequat. Donec fringilla at est sit amet blandit. Nunc at porttitor ligula. Fusce sed odio turpis. Suspendisse lobortis pharetra tempor. Cras eleifend ante sed arcu interdum, in bibendum enim ultricies. Integer rutrum quis risus at tempor. Maecenas facilisis, nisi vel pellentesque maximus, lectus felis malesuada purus, a pulvinar elit est quis turpis. Duis convallis purus quis finibus consequat. Pellentesque faucibus tincidunt augue non consequat. Donec fringilla at est sit amet blandit. Nunc at porttitor ligula. Fusce sed odio turpis."
    },
    {
      "name": "Blue Mountain",
      "slug": "blue-mountain",
      "image": "blue-mountain.jpg",
      "description": "Suspendisse lobortis pharetra tempor. Cras eleifend ante sed arcu interdum, in bibendum enim ultricies. Integer rutrum quis risus at tempor. Maecenas facilisis, nisi vel pellentesque maximus, lectus felis malesuada purus, a pulvinar elit est quis turpis. Duis convallis purus quis finibus consequat. Pellentesque faucibus tincidunt augue non consequat. Donec fringilla at est sit amet blandit. Nunc at porttitor ligula. Fusce sed odio turpis. Suspendisse lobortis pharetra tempor. Cras eleifend ante sed arcu interdum, in bibendum enim ultricies. Integer rutrum quis risus at tempor. Maecenas facilisis, nisi vel pellentesque maximus, lectus felis malesuada purus, a pulvinar elit est quis turpis. Duis convallis purus quis finibus consequat. Pellentesque faucibus tincidunt augue non consequat. Donec fringilla at est sit amet blandit. Nunc at porttitor ligula. Fusce sed odio turpis."
    },
    {
      "name": "Montego Bay",
      "slug": "montego-bay",
      "image": "montego-bay.jpg",
      "description": "Suspendisse lobortis pharetra tempor. Cras eleifend ante sed arcu interdum, in bibendum enim ultricies. Integer rutrum quis risus at tempor. Maecenas facilisis, nisi vel pellentesque maximus, lectus felis malesuada purus, a pulvinar elit est quis turpis. Duis convallis purus quis finibus consequat. Pellentesque faucibus tincidunt augue non consequat. Donec fringilla at est sit amet blandit. Nunc at porttitor ligula. Fusce sed odio turpis. Suspendisse lobortis pharetra tempor. Cras eleifend ante sed arcu interdum, in bibendum enim ultricies. Integer rutrum quis risus at tempor. Maecenas facilisis, nisi vel pellentesque maximus, lectus felis malesuada purus, a pulvinar elit est quis turpis. Duis convallis purus quis finibus consequat. Pellentesque faucibus tincidunt augue non consequat. Donec fringilla at est sit amet blandit. Nunc at porttitor ligula. Fusce sed odio turpis."
    },
    {
      "name": "Port Antonio",
      "slug": "port-antonio",
      "image": "port-antonio.jpg",
      "description": "Suspendisse lobortis pharetra tempor. Cras eleifend ante sed arcu interdum, in bibendum enim ultricies. Integer rutrum quis risus at tempor. Maecenas facilisis, nisi vel pellentesque maximus, lectus felis malesuada purus, a pulvinar elit est quis turpis. Duis convallis purus quis finibus consequat. Pellentesque faucibus tincidunt augue non consequat. Donec fringilla at est sit amet blandit. Nunc at porttitor ligula. Fusce sed odio turpis. Suspendisse lobortis pharetra tempor. Cras eleifend ante sed arcu interdum, in bibendum enim ultricies. Integer rutrum quis risus at tempor. Maecenas facilisis, nisi vel pellentesque maximus, lectus felis malesuada purus, a pulvinar elit est quis turpis. Duis convallis purus quis finibus consequat. Pellentesque faucibus tincidunt augue non consequat. Donec fringilla at est sit amet blandit. Nunc at porttitor ligula. Fusce sed odio turpis."
    }
  ]
}
