{
  "name": "Panama",
  "slug": "panama",
  "image": "panama.jpg",
  "id": 2,
  "description": "all about panama. Nam fermentum, leo ac lobortis tincidunt, justo felis semper nisi, sed facilisis quam ante a justo. Nam pulvinar nibh nec mi vestibulum cursus quis eget orci. Aenean faucibus faucibus ex, a imperdiet nibh luctus faucibus. Mauris porttitor, velit ac eleifend mattis, sem justo accumsan odio, ut mattis nulla nulla eu nibh. Cras justo risus, sollicitudin eget nulla a, consequat convallis tortor. Fusce eget neque metus. Class aptent taciti sociosqu ad litora torquent per conubia nostra, per inceptos himenaeos. Nulla facilisi. Sed aliquam nunc id lectus sagittis, ac elementum eros egestas. Aliquam sed tempor dui.",
  "experiences": [
    {
      "name": "Panama City",
      "slug": "panama-city",
      "image": "panama-city.jpg",
      "description": "Suspendisse lobortis pharetra tempor. Cras eleifend ante sed arcu interdum, in bibendum enim ultricies. Integer rutrum quis risus at tempor. Maecenas facilisis, nisi vel pellentesque maximus, lectus felis malesuada purus, a pulvinar elit est quis turpis. Duis convallis purus quis finibus consequat. Pellentesque faucibus tincidunt augue non consequat. Donec fringilla at est sit amet blandit. Nunc at porttitor ligula. Fusce sed odio turpis. Suspendisse lobortis pharetra tempor. Cras eleifend ante sed arcu interdum, in bibendum enim ultricies. Integer rutrum quis risus at tempor. Maecenas facilisis, nisi vel pellentesque maximus, lectus felis malesuada purus, a pulvinar elit est quis turpis. Duis convallis purus quis finibus consequat. Pellentesque faucibus tincidunt augue non consequat. Donec fringilla at est sit amet blandit. Nunc at porttitor ligula. Fusce sed odio turpis."
    },
    {
      "name": "Panama Canal",
      "slug": "panama-canal",
      "image": "panama-canal.jpg",
      "description": "Suspendisse lobortis pharetra tempor. Cras eleifend ante sed arcu interdum, in bibendum enim ultricies. Integer rutrum quis risus at tempor. Maecenas facilisis, nisi vel pellentesque maximus, lectus felis malesuada purus, a pulvinar elit est quis turpis. Duis convallis purus quis finibus consequat. Pellentesque faucibus tincidunt augue non consequat. Donec fringilla at est sit amet blandit. Nunc at porttitor ligula. Fusce sed odio turpis. Suspendisse lobortis pharetra tempor. Cras eleifend ante sed arcu interdum, in bibendum enim ultricies. Integer rutrum quis risus at tempor. Maecenas facilisis, nisi vel pellentesque maximus, lectus felis malesuada purus, a pulvinar elit est quis turpis. Duis convallis purus quis finibus consequat. Pellentesque faucibus tincidunt augue non consequat. Donec fringilla at est sit amet blandit. Nunc at porttitor ligula. Fusce sed odio turpis."
    },
    {
      "name": "Bocas del Toro",
      "slug": "bocas-del-toro",
      "image": "bocas-del-toro.jpg",
      "description": "Suspendisse lobortis pharetra tempor. Cras eleifend ante sed arcu interdum, in bibendum enim ultricies. Integer rutrum quis risus at tempor. Maecenas facilisis, nisi vel pellentesque maximus, lectus felis malesuada purus, a pulvinar elit est quis turpis. Duis convallis purus quis finibus consequat. Pellentesque faucibus tincidunt augue non consequat. Donec fringilla at est sit amet blandit. Nunc at porttitor ligula. Fusce sed odio turpis. Suspendisse lobortis pharetra tempor. Cras eleifend ante sed arcu interdum, in bibendum enim ultricies. Integer rutrum quis risus at tempor. Maecenas facilisis, nisi vel pellentesque maximus, lectus felis malesuada purus, a pulvinar elit est quis turpis. Duis convallis purus quis finibus consequat. Pellentesque faucibus tincidunt augue non consequat. Donec fringilla at est sit amet blandit. Nunc at porttitor ligula. Fusce sed odio turpis."
    },
    {
      "name": "Santa Catalina",
      "slug": "santa-catalina",
      "image": "santa-catalina.jpg",
      "description": "Suspendisse lobortis pharetra tempor. Cras eleifend ante sed arcu interdum, in bibendum enim ultricies. Integer rutrum quis risus at tempor. Maecenas facilisis, nisi vel pellentesque maximus, lectus felis malesuada purus, a pulvinar elit est quis turpis. Duis convallis purus quis finibus consequat. Pellentesque faucibus tincidunt augue non consequat. Donec fringilla at est sit amet blandit. Nunc at porttitor ligula. Fusce sed odio turpis. Suspendisse lobortis pharetra tempor. Cras eleifend ante sed arcu interdum, in bibendum enim ultricies. Integer rutrum quis risus at tempor. Maecenas facilisis, nisi vel pellentesque maximus, lectus felis malesuada purus, a pulvinar elit est quis turpis. Duis convallis purus quis finibus consequat. Pellentesque faucibus tincidunt augue non consequat. Donec fringilla at est sit amet blandit. Nunc at porttitor ligula. Fusce sed odio turpis."
    }
  ]
}
